date,n,top
2020-03-03,0,8_nederland_virus_maatregel_coronavirus
2020-03-03,1,6_europees_moeten_nederland_geld
2020-03-04,0,8_nederland_virus_maatregel_coronavirus
2020-03-04,1,3_corona_coronaproof_verschrikkelijk_afschrikken
2020-03-04,2,2_debat_coronavirus_namens_harte
2020-03-04,3,1_motie_komen_moeten_stellen
2020-03-05,0,4_wij_willen_komen_maken
2020-03-05,1,2_debat_coronavirus_namens_harte
2020-03-05,2,7_voorzitter_willen_goed_dank
2020-03-05,3,8_nederland_virus_maatregel_coronavirus
2020-03-05,4,4_wij_willen_komen_maken
2020-03-05,5,13_virus_wij_moeten_weer
2020-03-05,6,13_virus_wij_moeten_weer
2020-03-05,7,8_nederland_virus_maatregel_coronavirus
2020-03-05,8,7_voorzitter_willen_goed_dank
2020-03-05,9,13_virus_wij_moeten_weer
2020-03-05,10,7_voorzitter_willen_goed_dank
2020-03-05,11,12_motie_komen_willen_ziekenhuis
2020-03-05,12,7_voorzitter_willen_goed_dank
2020-03-05,13,8_nederland_virus_maatregel_coronavirus
2020-03-05,14,7_voorzitter_willen_goed_dank
2020-03-05,15,8_nederland_virus_maatregel_coronavirus
2020-03-05,16,4_wij_willen_komen_maken
2020-03-05,17,8_nederland_virus_maatregel_coronavirus
2020-03-05,18,8_nederland_virus_maatregel_coronavirus
2020-03-05,19,13_virus_wij_moeten_weer
2020-03-05,20,13_virus_wij_moeten_weer
2020-03-05,21,0_dier_bedrijf_moeten_volksgezondheid
2020-03-05,22,0_dier_bedrijf_moeten_volksgezondheid
2020-03-05,23,0_dier_bedrijf_moeten_volksgezondheid
2020-03-05,24,8_nederland_virus_maatregel_coronavirus
2020-03-05,25,7_voorzitter_willen_goed_dank
2020-03-05,26,8_nederland_virus_maatregel_coronavirus
2020-03-05,27,8_nederland_virus_maatregel_coronavirus
2020-03-05,28,5_nederland_eiland_curaçao_racisme
2020-03-05,29,8_nederland_virus_maatregel_coronavirus
2020-03-05,30,8_nederland_virus_maatregel_coronavirus
2020-03-05,31,7_voorzitter_willen_goed_dank
2020-03-05,32,7_voorzitter_willen_goed_dank
2020-03-05,33,8_nederland_virus_maatregel_coronavirus
2020-03-05,34,2_debat_coronavirus_namens_harte
2020-03-05,35,13_virus_wij_moeten_weer
2020-03-05,36,8_nederland_virus_maatregel_coronavirus
2020-03-05,37,13_virus_wij_moeten_weer
2020-03-05,38,13_virus_wij_moeten_weer
2020-03-05,39,8_nederland_virus_maatregel_coronavirus
2020-03-05,40,12_motie_komen_willen_ziekenhuis
2020-03-05,41,8_nederland_virus_maatregel_coronavirus
2020-03-05,42,8_nederland_virus_maatregel_coronavirus
2020-03-05,43,8_nederland_virus_maatregel_coronavirus
2020-03-05,44,8_nederland_virus_maatregel_coronavirus
2020-03-05,45,8_nederland_virus_maatregel_coronavirus
2020-03-05,46,1_motie_komen_moeten_stellen
2020-03-05,47,7_voorzitter_willen_goed_dank
2020-03-05,48,7_voorzitter_willen_goed_dank
2020-03-05,49,8_nederland_virus_maatregel_coronavirus
2020-03-05,50,2_debat_coronavirus_namens_harte
2020-03-05,51,7_voorzitter_willen_goed_dank
2020-03-05,52,8_nederland_virus_maatregel_coronavirus
2020-03-05,53,8_nederland_virus_maatregel_coronavirus
2020-03-05,54,7_voorzitter_willen_goed_dank
2020-03-05,55,7_voorzitter_willen_goed_dank
2020-03-05,56,7_voorzitter_willen_goed_dank
2020-03-05,57,4_wij_willen_komen_maken
2020-03-05,58,12_motie_komen_willen_ziekenhuis
2020-03-05,59,8_nederland_virus_maatregel_coronavirus
2020-03-05,60,7_voorzitter_willen_goed_dank
2020-03-05,61,2_debat_coronavirus_namens_harte
2020-03-05,62,7_voorzitter_willen_goed_dank
2020-03-05,63,13_virus_wij_moeten_weer
2020-03-05,64,6_europees_moeten_nederland_geld
2020-03-05,65,13_virus_wij_moeten_weer
2020-03-05,66,8_nederland_virus_maatregel_coronavirus
2020-03-05,67,2_debat_coronavirus_namens_harte
2020-03-05,68,8_nederland_virus_maatregel_coronavirus
2020-03-05,69,13_virus_wij_moeten_weer
2020-03-05,70,13_virus_wij_moeten_weer
2020-03-05,71,13_virus_wij_moeten_weer
2020-03-05,72,7_voorzitter_willen_goed_dank
2020-03-05,73,8_nederland_virus_maatregel_coronavirus
2020-03-05,74,8_nederland_virus_maatregel_coronavirus
2020-03-05,75,1_motie_komen_moeten_stellen
2020-03-05,76,13_virus_wij_moeten_weer
2020-03-05,77,13_virus_wij_moeten_weer
2020-03-05,78,13_virus_wij_moeten_weer
2020-03-05,79,12_motie_komen_willen_ziekenhuis
2020-03-05,80,8_nederland_virus_maatregel_coronavirus
2020-03-05,81,13_virus_wij_moeten_weer
2020-03-05,82,8_nederland_virus_maatregel_coronavirus
2020-03-05,83,12_motie_komen_willen_ziekenhuis
2020-03-05,84,13_virus_wij_moeten_weer
2020-03-10,0,1_motie_komen_moeten_stellen
2020-03-10,1,8_nederland_virus_maatregel_coronavirus
2020-03-10,2,7_voorzitter_willen_goed_dank
2020-03-10,3,4_wij_willen_komen_maken
2020-03-10,4,7_voorzitter_willen_goed_dank
2020-03-10,5,2_debat_coronavirus_namens_harte
2020-03-10,6,8_nederland_virus_maatregel_coronavirus
2020-03-10,7,13_virus_wij_moeten_weer
2020-03-10,8,8_nederland_virus_maatregel_coronavirus
2020-03-10,9,8_nederland_virus_maatregel_coronavirus
2020-03-10,10,8_nederland_virus_maatregel_coronavirus
2020-03-10,11,8_nederland_virus_maatregel_coronavirus
2020-03-10,12,8_nederland_virus_maatregel_coronavirus
2020-03-10,13,8_nederland_virus_maatregel_coronavirus
2020-03-10,14,8_nederland_virus_maatregel_coronavirus
2020-03-10,15,8_nederland_virus_maatregel_coronavirus
2020-03-10,16,1_motie_komen_moeten_stellen
2020-03-10,17,7_voorzitter_willen_goed_dank
2020-03-11,0,4_wij_willen_komen_maken
2020-03-11,1,7_voorzitter_willen_goed_dank
2020-03-11,2,4_wij_willen_komen_maken
2020-03-12,0,8_nederland_virus_maatregel_coronavirus
2020-03-12,1,4_wij_willen_komen_maken
2020-03-12,2,2_debat_coronavirus_namens_harte
2020-03-12,3,8_nederland_virus_maatregel_coronavirus
2020-03-12,4,7_voorzitter_willen_goed_dank
2020-03-12,5,8_nederland_virus_maatregel_coronavirus
2020-03-12,6,4_wij_willen_komen_maken
2020-03-12,7,8_nederland_virus_maatregel_coronavirus
2020-03-12,8,8_nederland_virus_maatregel_coronavirus
2020-03-12,9,4_wij_willen_komen_maken
2020-03-12,10,13_virus_wij_moeten_weer
2020-03-12,11,8_nederland_virus_maatregel_coronavirus
2020-03-12,12,13_virus_wij_moeten_weer
2020-03-12,13,8_nederland_virus_maatregel_coronavirus
2020-03-12,14,13_virus_wij_moeten_weer
2020-03-12,15,8_nederland_virus_maatregel_coronavirus
2020-03-12,16,8_nederland_virus_maatregel_coronavirus
2020-03-12,17,13_virus_wij_moeten_weer
2020-03-12,18,8_nederland_virus_maatregel_coronavirus
2020-03-12,19,13_virus_wij_moeten_weer
2020-03-12,20,4_wij_willen_komen_maken
2020-03-12,21,8_nederland_virus_maatregel_coronavirus
2020-03-12,22,4_wij_willen_komen_maken
2020-03-12,23,7_voorzitter_willen_goed_dank
2020-03-12,24,8_nederland_virus_maatregel_coronavirus
2020-03-12,25,4_wij_willen_komen_maken
2020-03-12,26,4_wij_willen_komen_maken
2020-03-12,27,13_virus_wij_moeten_weer
2020-03-12,28,8_nederland_virus_maatregel_coronavirus
2020-03-12,29,8_nederland_virus_maatregel_coronavirus
2020-03-12,30,8_nederland_virus_maatregel_coronavirus
2020-03-12,31,13_virus_wij_moeten_weer
2020-03-12,32,4_wij_willen_komen_maken
2020-03-12,33,8_nederland_virus_maatregel_coronavirus
2020-03-12,34,8_nederland_virus_maatregel_coronavirus
2020-03-12,35,8_nederland_virus_maatregel_coronavirus
2020-03-12,36,8_nederland_virus_maatregel_coronavirus
2020-03-12,37,13_virus_wij_moeten_weer
2020-03-12,38,8_nederland_virus_maatregel_coronavirus
2020-03-12,39,7_voorzitter_willen_goed_dank
2020-03-12,40,8_nederland_virus_maatregel_coronavirus
2020-03-12,41,13_virus_wij_moeten_weer
2020-03-12,42,13_virus_wij_moeten_weer
2020-03-12,43,8_nederland_virus_maatregel_coronavirus
2020-03-12,44,7_voorzitter_willen_goed_dank
2020-03-12,45,4_wij_willen_komen_maken
2020-03-12,46,8_nederland_virus_maatregel_coronavirus
2020-03-12,47,4_wij_willen_komen_maken
2020-03-12,48,8_nederland_virus_maatregel_coronavirus
2020-03-12,49,8_nederland_virus_maatregel_coronavirus
2020-03-12,50,4_wij_willen_komen_maken
2020-03-12,51,0_dier_bedrijf_moeten_volksgezondheid
2020-03-12,52,8_nederland_virus_maatregel_coronavirus
2020-03-12,53,1_motie_komen_moeten_stellen
2020-03-12,54,8_nederland_virus_maatregel_coronavirus
2020-03-12,55,7_voorzitter_willen_goed_dank
2020-03-12,56,4_wij_willen_komen_maken
2020-03-12,57,7_voorzitter_willen_goed_dank
2020-03-12,58,4_wij_willen_komen_maken
2020-03-12,59,8_nederland_virus_maatregel_coronavirus
2020-03-12,60,7_voorzitter_willen_goed_dank
2020-03-12,61,8_nederland_virus_maatregel_coronavirus
2020-03-12,62,4_wij_willen_komen_maken
2020-03-12,63,8_nederland_virus_maatregel_coronavirus
2020-03-12,64,4_wij_willen_komen_maken
2020-03-12,65,4_wij_willen_komen_maken
2020-03-12,66,3_corona_coronaproof_verschrikkelijk_afschrikken
2020-03-12,67,3_corona_coronaproof_verschrikkelijk_afschrikken
2020-03-12,68,1_motie_komen_moeten_stellen
2020-03-12,69,1_motie_komen_moeten_stellen
2020-03-12,70,13_virus_wij_moeten_weer
2020-03-12,71,13_virus_wij_moeten_weer
2020-03-12,72,5_nederland_eiland_curaçao_racisme
2020-03-12,73,4_wij_willen_komen_maken
2020-03-12,74,1_motie_komen_moeten_stellen
2020-03-12,75,0_dier_bedrijf_moeten_volksgezondheid
2020-03-12,76,1_motie_komen_moeten_stellen
2020-03-12,77,4_wij_willen_komen_maken
2020-03-12,78,7_voorzitter_willen_goed_dank
2020-03-12,79,4_wij_willen_komen_maken
2020-03-18,0,7_voorzitter_willen_goed_dank
2020-03-18,1,13_virus_wij_moeten_weer
2020-03-18,2,8_nederland_virus_maatregel_coronavirus
2020-03-18,3,8_nederland_virus_maatregel_coronavirus
2020-03-18,4,9_demonstratie_motie_openbaarmaking_elkaar
2020-03-18,5,13_virus_wij_moeten_weer
2020-03-18,6,13_virus_wij_moeten_weer
2020-03-18,7,8_nederland_virus_maatregel_coronavirus
2020-03-18,8,4_wij_willen_komen_maken
2020-03-18,9,0_dier_bedrijf_moeten_volksgezondheid
2020-03-18,10,0_dier_bedrijf_moeten_volksgezondheid
2020-03-18,11,8_nederland_virus_maatregel_coronavirus
2020-03-18,12,0_dier_bedrijf_moeten_volksgezondheid
2020-03-18,13,0_dier_bedrijf_moeten_volksgezondheid
2020-03-18,14,8_nederland_virus_maatregel_coronavirus
2020-03-18,15,13_virus_wij_moeten_weer
2020-03-18,16,0_dier_bedrijf_moeten_volksgezondheid
2020-03-18,17,0_dier_bedrijf_moeten_volksgezondheid
2020-03-18,18,7_voorzitter_willen_goed_dank
2020-03-18,19,7_voorzitter_willen_goed_dank
2020-03-18,20,13_virus_wij_moeten_weer
2020-03-18,21,13_virus_wij_moeten_weer
2020-03-18,22,13_virus_wij_moeten_weer
2020-03-18,23,14_ambulancezorg_zorg_dienst_discussie
2020-03-18,24,13_virus_wij_moeten_weer
2020-03-18,25,13_virus_wij_moeten_weer
2020-03-18,26,8_nederland_virus_maatregel_coronavirus
2020-03-18,27,4_wij_willen_komen_maken
2020-03-18,28,8_nederland_virus_maatregel_coronavirus
2020-03-18,29,4_wij_willen_komen_maken
2020-03-18,30,8_nederland_virus_maatregel_coronavirus
2020-03-18,31,8_nederland_virus_maatregel_coronavirus
2020-03-18,32,13_virus_wij_moeten_weer
2020-03-18,33,11_kabinet_verpleeghuis_moeten_beschermingsmiddel
2020-03-18,34,8_nederland_virus_maatregel_coronavirus
2020-03-18,35,13_virus_wij_moeten_weer
2020-03-18,36,8_nederland_virus_maatregel_coronavirus
2020-03-18,37,13_virus_wij_moeten_weer
2020-03-18,38,13_virus_wij_moeten_weer
2020-03-18,39,13_virus_wij_moeten_weer
2020-03-18,40,4_wij_willen_komen_maken
2020-03-18,41,13_virus_wij_moeten_weer
2020-03-18,42,13_virus_wij_moeten_weer
2020-03-18,43,8_nederland_virus_maatregel_coronavirus
2020-03-18,44,13_virus_wij_moeten_weer
2020-03-18,45,8_nederland_virus_maatregel_coronavirus
2020-03-18,46,8_nederland_virus_maatregel_coronavirus
2020-03-18,47,8_nederland_virus_maatregel_coronavirus
2020-03-18,48,8_nederland_virus_maatregel_coronavirus
2020-03-18,49,8_nederland_virus_maatregel_coronavirus
2020-03-18,50,13_virus_wij_moeten_weer
2020-03-18,51,13_virus_wij_moeten_weer
2020-03-18,52,13_virus_wij_moeten_weer
2020-03-18,53,10_nederland_nederlander_voorzitter_regering
2020-03-18,54,8_nederland_virus_maatregel_coronavirus
2020-03-18,55,8_nederland_virus_maatregel_coronavirus
2020-03-18,56,13_virus_wij_moeten_weer
2020-03-18,57,8_nederland_virus_maatregel_coronavirus
2020-03-18,58,8_nederland_virus_maatregel_coronavirus
2020-03-18,59,0_dier_bedrijf_moeten_volksgezondheid
2020-03-18,60,8_nederland_virus_maatregel_coronavirus
2020-03-18,61,13_virus_wij_moeten_weer
2020-03-18,62,4_wij_willen_komen_maken
2020-03-18,63,0_dier_bedrijf_moeten_volksgezondheid
2020-03-18,64,8_nederland_virus_maatregel_coronavirus
2020-03-18,65,8_nederland_virus_maatregel_coronavirus
2020-03-18,66,4_wij_willen_komen_maken
2020-03-18,67,3_corona_coronaproof_verschrikkelijk_afschrikken
2020-03-18,68,1_motie_komen_moeten_stellen
2020-03-18,69,4_wij_willen_komen_maken
2020-03-18,70,0_dier_bedrijf_moeten_volksgezondheid
2020-03-18,71,0_dier_bedrijf_moeten_volksgezondheid
2020-03-18,72,0_dier_bedrijf_moeten_volksgezondheid
2020-03-18,73,4_wij_willen_komen_maken
2020-03-18,74,8_nederland_virus_maatregel_coronavirus
2020-03-18,75,0_dier_bedrijf_moeten_volksgezondheid
2020-03-18,76,6_europees_moeten_nederland_geld
2020-03-18,77,4_wij_willen_komen_maken
2020-03-18,78,13_virus_wij_moeten_weer
2020-03-18,79,13_virus_wij_moeten_weer
2020-03-18,80,7_voorzitter_willen_goed_dank
2020-03-18,81,13_virus_wij_moeten_weer
2020-03-18,82,13_virus_wij_moeten_weer
2020-03-18,83,7_voorzitter_willen_goed_dank
2020-03-18,84,13_virus_wij_moeten_weer
2020-03-18,85,1_motie_komen_moeten_stellen
2020-03-18,86,13_virus_wij_moeten_weer
2020-03-18,87,8_nederland_virus_maatregel_coronavirus
2020-03-18,88,13_virus_wij_moeten_weer
2020-03-26,0,4_wij_willen_komen_maken
2020-03-26,1,13_virus_wij_moeten_weer
2020-03-26,2,8_nederland_virus_maatregel_coronavirus
2020-03-26,3,8_nederland_virus_maatregel_coronavirus
2020-03-26,4,13_virus_wij_moeten_weer
2020-03-26,5,7_voorzitter_willen_goed_dank
2020-03-26,6,14_ambulancezorg_zorg_dienst_discussie
2020-03-26,7,13_virus_wij_moeten_weer
2020-03-26,8,8_nederland_virus_maatregel_coronavirus
2020-03-26,9,13_virus_wij_moeten_weer
2020-03-26,10,4_wij_willen_komen_maken
2020-03-26,11,8_nederland_virus_maatregel_coronavirus
2020-03-26,12,8_nederland_virus_maatregel_coronavirus
2020-03-26,13,8_nederland_virus_maatregel_coronavirus
2020-03-26,14,4_wij_willen_komen_maken
2020-03-26,15,4_wij_willen_komen_maken
2020-03-26,16,13_virus_wij_moeten_weer
2020-03-26,17,4_wij_willen_komen_maken
2020-03-26,18,13_virus_wij_moeten_weer
2020-03-26,19,4_wij_willen_komen_maken
2020-03-26,20,13_virus_wij_moeten_weer
2020-03-26,21,1_motie_komen_moeten_stellen
2020-03-26,22,8_nederland_virus_maatregel_coronavirus
2020-03-26,23,7_voorzitter_willen_goed_dank
2020-03-26,24,0_dier_bedrijf_moeten_volksgezondheid
2020-03-26,25,11_kabinet_verpleeghuis_moeten_beschermingsmiddel
2020-03-26,26,4_wij_willen_komen_maken
2020-03-26,27,11_kabinet_verpleeghuis_moeten_beschermingsmiddel
2020-03-26,28,13_virus_wij_moeten_weer
2020-03-26,29,4_wij_willen_komen_maken
2020-03-26,30,9_demonstratie_motie_openbaarmaking_elkaar
2020-03-26,31,8_nederland_virus_maatregel_coronavirus
2020-03-26,32,13_virus_wij_moeten_weer
2020-04-01,0,2_debat_coronavirus_namens_harte
2020-04-01,1,7_voorzitter_willen_goed_dank
2020-04-01,2,1_motie_komen_moeten_stellen
2020-04-01,3,6_europees_moeten_nederland_geld
2020-04-01,4,6_europees_moeten_nederland_geld
2020-04-01,5,4_wij_willen_komen_maken
2020-04-01,6,6_europees_moeten_nederland_geld
2020-04-01,7,4_wij_willen_komen_maken
2020-04-01,8,4_wij_willen_komen_maken
2020-04-01,9,7_voorzitter_willen_goed_dank
2020-04-01,10,1_motie_komen_moeten_stellen
2020-04-01,11,8_nederland_virus_maatregel_coronavirus
2020-04-01,12,8_nederland_virus_maatregel_coronavirus
2020-04-01,13,14_ambulancezorg_zorg_dienst_discussie
2020-04-01,14,4_wij_willen_komen_maken
2020-04-01,15,4_wij_willen_komen_maken
2020-04-01,16,4_wij_willen_komen_maken
2020-04-01,17,13_virus_wij_moeten_weer
2020-04-01,18,1_motie_komen_moeten_stellen
2020-04-01,19,8_nederland_virus_maatregel_coronavirus
2020-04-01,20,12_motie_komen_willen_ziekenhuis
2020-04-01,21,8_nederland_virus_maatregel_coronavirus
2020-04-01,22,8_nederland_virus_maatregel_coronavirus
2020-04-01,23,7_voorzitter_willen_goed_dank
2020-04-01,24,7_voorzitter_willen_goed_dank
2020-04-01,25,4_wij_willen_komen_maken
2020-04-01,26,9_demonstratie_motie_openbaarmaking_elkaar
2020-04-01,27,7_voorzitter_willen_goed_dank
2020-04-01,28,10_nederland_nederlander_voorzitter_regering
2020-04-01,29,7_voorzitter_willen_goed_dank
2020-04-01,30,8_nederland_virus_maatregel_coronavirus
2020-04-01,31,6_europees_moeten_nederland_geld
2020-04-07,0,4_wij_willen_komen_maken
2020-04-07,1,7_voorzitter_willen_goed_dank
2020-04-07,2,13_virus_wij_moeten_weer
2020-04-07,3,4_wij_willen_komen_maken
2020-04-07,4,4_wij_willen_komen_maken
2020-04-07,5,4_wij_willen_komen_maken
2020-04-07,6,4_wij_willen_komen_maken
2020-04-07,7,1_motie_komen_moeten_stellen
2020-04-07,8,7_voorzitter_willen_goed_dank
2020-04-07,9,13_virus_wij_moeten_weer
2020-04-08,0,2_debat_coronavirus_namens_harte
2020-04-08,1,13_virus_wij_moeten_weer
2020-04-08,2,6_europees_moeten_nederland_geld
2020-04-08,3,12_motie_komen_willen_ziekenhuis
2020-04-08,4,13_virus_wij_moeten_weer
2020-04-08,5,13_virus_wij_moeten_weer
2020-04-08,6,1_motie_komen_moeten_stellen
2020-04-08,7,13_virus_wij_moeten_weer
2020-04-08,8,13_virus_wij_moeten_weer
2020-04-08,9,13_virus_wij_moeten_weer
2020-04-08,10,13_virus_wij_moeten_weer
2020-04-08,11,13_virus_wij_moeten_weer
2020-04-08,12,13_virus_wij_moeten_weer
2020-04-08,13,13_virus_wij_moeten_weer
2020-04-08,14,4_wij_willen_komen_maken
2020-04-08,15,13_virus_wij_moeten_weer
2020-04-08,16,4_wij_willen_komen_maken
2020-04-08,17,13_virus_wij_moeten_weer
2020-04-08,18,8_nederland_virus_maatregel_coronavirus
2020-04-08,19,14_ambulancezorg_zorg_dienst_discussie
2020-04-08,20,7_voorzitter_willen_goed_dank
2020-04-08,21,7_voorzitter_willen_goed_dank
2020-04-08,22,7_voorzitter_willen_goed_dank
2020-04-08,23,0_dier_bedrijf_moeten_volksgezondheid
2020-04-08,24,11_kabinet_verpleeghuis_moeten_beschermingsmiddel
2020-04-08,25,7_voorzitter_willen_goed_dank
2020-04-08,26,4_wij_willen_komen_maken
2020-04-08,27,11_kabinet_verpleeghuis_moeten_beschermingsmiddel
2020-04-08,28,13_virus_wij_moeten_weer
2020-04-08,29,13_virus_wij_moeten_weer
2020-04-08,30,8_nederland_virus_maatregel_coronavirus
2020-04-08,31,13_virus_wij_moeten_weer
2020-04-08,32,13_virus_wij_moeten_weer
2020-04-08,33,8_nederland_virus_maatregel_coronavirus
2020-04-08,34,7_voorzitter_willen_goed_dank
2020-04-08,35,10_nederland_nederlander_voorzitter_regering
2020-04-16,0,2_debat_coronavirus_namens_harte
2020-04-16,1,13_virus_wij_moeten_weer
2020-04-16,2,8_nederland_virus_maatregel_coronavirus
2020-04-16,3,10_nederland_nederlander_voorzitter_regering
2020-04-16,4,4_wij_willen_komen_maken
2020-04-16,5,13_virus_wij_moeten_weer
2020-04-16,6,13_virus_wij_moeten_weer
2020-04-16,7,13_virus_wij_moeten_weer
2020-04-16,8,11_kabinet_verpleeghuis_moeten_beschermingsmiddel
2020-04-16,9,4_wij_willen_komen_maken
2020-04-16,10,13_virus_wij_moeten_weer
2020-04-16,11,13_virus_wij_moeten_weer
2020-04-16,12,13_virus_wij_moeten_weer
2020-04-16,13,13_virus_wij_moeten_weer
2020-04-16,14,11_kabinet_verpleeghuis_moeten_beschermingsmiddel
2020-04-16,15,8_nederland_virus_maatregel_coronavirus
2020-04-16,16,8_nederland_virus_maatregel_coronavirus
2020-04-16,17,4_wij_willen_komen_maken
2020-04-16,18,0_dier_bedrijf_moeten_volksgezondheid
2020-04-16,19,7_voorzitter_willen_goed_dank
2020-04-16,20,11_kabinet_verpleeghuis_moeten_beschermingsmiddel
2020-04-16,21,11_kabinet_verpleeghuis_moeten_beschermingsmiddel
2020-04-16,22,14_ambulancezorg_zorg_dienst_discussie
2020-04-16,23,6_europees_moeten_nederland_geld
2020-04-16,24,13_virus_wij_moeten_weer
2020-04-16,25,12_motie_komen_willen_ziekenhuis
2020-04-16,26,13_virus_wij_moeten_weer
2020-04-16,27,8_nederland_virus_maatregel_coronavirus
2020-04-16,28,8_nederland_virus_maatregel_coronavirus
2020-04-16,29,8_nederland_virus_maatregel_coronavirus
2020-04-16,30,4_wij_willen_komen_maken
2020-04-16,31,13_virus_wij_moeten_weer
2020-04-16,32,7_voorzitter_willen_goed_dank
2020-04-21,0,4_wij_willen_komen_maken
2020-04-21,1,4_wij_willen_komen_maken
2020-04-21,2,1_motie_komen_moeten_stellen
2020-04-21,3,6_europees_moeten_nederland_geld
2020-04-21,4,4_wij_willen_komen_maken
2020-04-21,5,4_wij_willen_komen_maken
2020-04-21,6,4_wij_willen_komen_maken
2020-04-21,7,4_wij_willen_komen_maken
2020-04-21,8,4_wij_willen_komen_maken
2020-04-21,9,4_wij_willen_komen_maken
2020-04-21,10,7_voorzitter_willen_goed_dank
2020-04-21,11,4_wij_willen_komen_maken
2020-04-21,12,6_europees_moeten_nederland_geld
2020-04-21,13,4_wij_willen_komen_maken
2020-04-21,14,4_wij_willen_komen_maken
2020-04-21,15,4_wij_willen_komen_maken
2020-04-21,16,4_wij_willen_komen_maken
2020-04-22,0,2_debat_coronavirus_namens_harte
2020-04-22,1,4_wij_willen_komen_maken
2020-04-22,2,13_virus_wij_moeten_weer
2020-04-22,3,4_wij_willen_komen_maken
2020-04-22,4,4_wij_willen_komen_maken
2020-04-22,5,4_wij_willen_komen_maken
2020-04-22,6,8_nederland_virus_maatregel_coronavirus
2020-04-22,7,4_wij_willen_komen_maken
2020-04-22,8,4_wij_willen_komen_maken
2020-04-22,9,3_corona_coronaproof_verschrikkelijk_afschrikken
2020-04-22,10,0_dier_bedrijf_moeten_volksgezondheid
2020-04-22,11,3_corona_coronaproof_verschrikkelijk_afschrikken
2020-04-22,12,10_nederland_nederlander_voorzitter_regering
2020-04-22,13,13_virus_wij_moeten_weer
2020-04-22,14,6_europees_moeten_nederland_geld
2020-04-22,15,6_europees_moeten_nederland_geld
2020-04-22,16,8_nederland_virus_maatregel_coronavirus
2020-04-22,17,12_motie_komen_willen_ziekenhuis
2020-04-22,18,13_virus_wij_moeten_weer
2020-04-22,19,13_virus_wij_moeten_weer
2020-04-22,20,8_nederland_virus_maatregel_coronavirus
2020-04-22,21,13_virus_wij_moeten_weer
2020-04-22,22,4_wij_willen_komen_maken
2020-04-22,23,13_virus_wij_moeten_weer
2020-04-22,24,13_virus_wij_moeten_weer
2020-04-22,25,12_motie_komen_willen_ziekenhuis
2020-04-22,26,13_virus_wij_moeten_weer
2020-04-22,27,13_virus_wij_moeten_weer
2020-04-22,28,14_ambulancezorg_zorg_dienst_discussie
2020-04-22,29,11_kabinet_verpleeghuis_moeten_beschermingsmiddel
2020-04-22,30,7_voorzitter_willen_goed_dank
2020-04-22,31,14_ambulancezorg_zorg_dienst_discussie
2020-04-22,32,4_wij_willen_komen_maken
2020-04-22,33,13_virus_wij_moeten_weer
2020-04-22,34,4_wij_willen_komen_maken
2020-04-22,35,6_europees_moeten_nederland_geld
2020-04-22,36,13_virus_wij_moeten_weer
2020-04-22,37,4_wij_willen_komen_maken
2020-04-22,38,10_nederland_nederlander_voorzitter_regering
2020-04-22,39,4_wij_willen_komen_maken
2020-04-22,40,2_debat_coronavirus_namens_harte
2020-05-07,0,2_debat_coronavirus_namens_harte
2020-05-07,1,12_motie_komen_willen_ziekenhuis
2020-05-07,2,11_kabinet_verpleeghuis_moeten_beschermingsmiddel
2020-05-07,3,4_wij_willen_komen_maken
2020-05-07,4,8_nederland_virus_maatregel_coronavirus
2020-05-07,5,7_voorzitter_willen_goed_dank
2020-05-07,6,7_voorzitter_willen_goed_dank
2020-05-07,7,13_virus_wij_moeten_weer
2020-05-07,8,13_virus_wij_moeten_weer
2020-05-07,9,4_wij_willen_komen_maken
2020-05-07,10,13_virus_wij_moeten_weer
2020-05-07,11,7_voorzitter_willen_goed_dank
2020-05-07,12,1_motie_komen_moeten_stellen
2020-05-07,13,0_dier_bedrijf_moeten_volksgezondheid
2020-05-07,14,13_virus_wij_moeten_weer
2020-05-07,15,4_wij_willen_komen_maken
2020-05-07,16,4_wij_willen_komen_maken
2020-05-07,17,13_virus_wij_moeten_weer
2020-05-07,18,4_wij_willen_komen_maken
2020-05-07,19,13_virus_wij_moeten_weer
2020-05-07,20,8_nederland_virus_maatregel_coronavirus
2020-05-07,21,13_virus_wij_moeten_weer
2020-05-07,22,2_debat_coronavirus_namens_harte
2020-05-07,23,7_voorzitter_willen_goed_dank
2020-05-07,24,13_virus_wij_moeten_weer
2020-05-07,25,8_nederland_virus_maatregel_coronavirus
2020-05-07,26,12_motie_komen_willen_ziekenhuis
2020-05-07,27,1_motie_komen_moeten_stellen
2020-05-07,28,1_motie_komen_moeten_stellen
2020-05-07,29,8_nederland_virus_maatregel_coronavirus
2020-05-07,30,4_wij_willen_komen_maken
2020-05-07,31,13_virus_wij_moeten_weer
2020-05-07,32,13_virus_wij_moeten_weer
2020-05-07,33,14_ambulancezorg_zorg_dienst_discussie
2020-05-07,34,13_virus_wij_moeten_weer
2020-05-07,35,13_virus_wij_moeten_weer
2020-05-07,36,13_virus_wij_moeten_weer
2020-05-07,37,13_virus_wij_moeten_weer
2020-05-07,38,13_virus_wij_moeten_weer
2020-05-07,39,13_virus_wij_moeten_weer
2020-05-07,40,13_virus_wij_moeten_weer
2020-05-07,41,12_motie_komen_willen_ziekenhuis
2020-05-07,42,13_virus_wij_moeten_weer
2020-05-07,43,0_dier_bedrijf_moeten_volksgezondheid
2020-05-12,0,4_wij_willen_komen_maken
2020-05-12,1,1_motie_komen_moeten_stellen
2020-05-12,2,4_wij_willen_komen_maken
2020-05-12,3,7_voorzitter_willen_goed_dank
2020-05-12,4,4_wij_willen_komen_maken
2020-05-12,5,1_motie_komen_moeten_stellen
2020-05-12,6,4_wij_willen_komen_maken
2020-05-12,7,7_voorzitter_willen_goed_dank
2020-05-14,0,1_motie_komen_moeten_stellen
2020-05-14,1,4_wij_willen_komen_maken
2020-05-19,0,7_voorzitter_willen_goed_dank
2020-05-19,1,4_wij_willen_komen_maken
2020-05-19,2,1_motie_komen_moeten_stellen
2020-05-19,3,4_wij_willen_komen_maken
2020-05-19,4,4_wij_willen_komen_maken
2020-05-19,5,4_wij_willen_komen_maken
2020-05-19,6,4_wij_willen_komen_maken
2020-05-19,7,4_wij_willen_komen_maken
2020-05-19,8,4_wij_willen_komen_maken
2020-05-19,9,4_wij_willen_komen_maken
2020-05-19,10,4_wij_willen_komen_maken
2020-05-19,11,4_wij_willen_komen_maken
2020-05-19,12,4_wij_willen_komen_maken
2020-05-19,13,4_wij_willen_komen_maken
2020-05-19,14,4_wij_willen_komen_maken
2020-05-19,15,4_wij_willen_komen_maken
2020-05-19,16,4_wij_willen_komen_maken
2020-05-19,17,4_wij_willen_komen_maken
2020-05-19,18,4_wij_willen_komen_maken
2020-05-19,19,4_wij_willen_komen_maken
2020-05-19,20,4_wij_willen_komen_maken
2020-05-19,21,4_wij_willen_komen_maken
2020-05-19,22,4_wij_willen_komen_maken
2020-05-19,23,1_motie_komen_moeten_stellen
2020-05-19,24,4_wij_willen_komen_maken
2020-05-19,25,4_wij_willen_komen_maken
2020-05-19,26,4_wij_willen_komen_maken
2020-05-19,27,4_wij_willen_komen_maken
2020-05-19,28,4_wij_willen_komen_maken
2020-05-19,29,4_wij_willen_komen_maken
2020-05-19,30,4_wij_willen_komen_maken
2020-05-19,31,10_nederland_nederlander_voorzitter_regering
2020-05-19,32,1_motie_komen_moeten_stellen
2020-05-19,33,4_wij_willen_komen_maken
2020-05-19,34,4_wij_willen_komen_maken
2020-05-19,35,4_wij_willen_komen_maken
2020-05-19,36,4_wij_willen_komen_maken
2020-05-19,37,4_wij_willen_komen_maken
2020-05-19,38,4_wij_willen_komen_maken
2020-05-19,39,4_wij_willen_komen_maken
2020-05-19,40,4_wij_willen_komen_maken
2020-05-19,41,1_motie_komen_moeten_stellen
2020-05-20,0,4_wij_willen_komen_maken
2020-05-20,1,5_nederland_eiland_curaçao_racisme
2020-05-20,2,4_wij_willen_komen_maken
2020-05-20,3,8_nederland_virus_maatregel_coronavirus
2020-05-20,4,4_wij_willen_komen_maken
2020-05-20,5,5_nederland_eiland_curaçao_racisme
2020-05-20,6,4_wij_willen_komen_maken
2020-05-20,7,6_europees_moeten_nederland_geld
2020-05-20,8,8_nederland_virus_maatregel_coronavirus
2020-05-20,9,4_wij_willen_komen_maken
2020-05-20,10,4_wij_willen_komen_maken
2020-05-20,11,7_voorzitter_willen_goed_dank
2020-05-20,12,8_nederland_virus_maatregel_coronavirus
2020-05-20,13,4_wij_willen_komen_maken
2020-05-20,14,7_voorzitter_willen_goed_dank
2020-05-20,15,1_motie_komen_moeten_stellen
2020-05-20,16,2_debat_coronavirus_namens_harte
2020-05-20,17,4_wij_willen_komen_maken
2020-05-20,18,4_wij_willen_komen_maken
2020-05-20,19,13_virus_wij_moeten_weer
2020-05-20,20,13_virus_wij_moeten_weer
2020-05-20,21,13_virus_wij_moeten_weer
2020-05-20,22,13_virus_wij_moeten_weer
2020-05-20,23,8_nederland_virus_maatregel_coronavirus
2020-05-20,24,8_nederland_virus_maatregel_coronavirus
2020-05-20,25,13_virus_wij_moeten_weer
2020-05-20,26,13_virus_wij_moeten_weer
2020-05-20,27,13_virus_wij_moeten_weer
2020-05-20,28,4_wij_willen_komen_maken
2020-05-20,29,4_wij_willen_komen_maken
2020-05-20,30,4_wij_willen_komen_maken
2020-05-20,31,0_dier_bedrijf_moeten_volksgezondheid
2020-05-20,32,0_dier_bedrijf_moeten_volksgezondheid
2020-05-20,33,4_wij_willen_komen_maken
2020-05-20,34,4_wij_willen_komen_maken
2020-05-20,35,0_dier_bedrijf_moeten_volksgezondheid
2020-05-20,36,4_wij_willen_komen_maken
2020-05-20,37,4_wij_willen_komen_maken
2020-05-20,38,4_wij_willen_komen_maken
2020-05-20,39,0_dier_bedrijf_moeten_volksgezondheid
2020-05-20,40,13_virus_wij_moeten_weer
2020-05-20,41,0_dier_bedrijf_moeten_volksgezondheid
2020-05-20,42,8_nederland_virus_maatregel_coronavirus
2020-05-20,43,1_motie_komen_moeten_stellen
2020-05-20,44,7_voorzitter_willen_goed_dank
2020-05-20,45,13_virus_wij_moeten_weer
2020-05-20,46,8_nederland_virus_maatregel_coronavirus
2020-05-20,47,13_virus_wij_moeten_weer
2020-05-20,48,10_nederland_nederlander_voorzitter_regering
2020-05-20,49,7_voorzitter_willen_goed_dank
2020-05-20,50,1_motie_komen_moeten_stellen
2020-05-20,51,4_wij_willen_komen_maken
2020-05-20,52,4_wij_willen_komen_maken
2020-05-20,53,13_virus_wij_moeten_weer
2020-05-20,54,13_virus_wij_moeten_weer
2020-05-20,55,4_wij_willen_komen_maken
2020-05-20,56,8_nederland_virus_maatregel_coronavirus
2020-05-20,57,1_motie_komen_moeten_stellen
2020-05-20,58,8_nederland_virus_maatregel_coronavirus
2020-05-20,59,1_motie_komen_moeten_stellen
2020-05-26,0,7_voorzitter_willen_goed_dank
2020-05-26,1,4_wij_willen_komen_maken
2020-05-26,2,4_wij_willen_komen_maken
2020-05-26,3,4_wij_willen_komen_maken
2020-05-26,4,4_wij_willen_komen_maken
2020-05-26,5,4_wij_willen_komen_maken
2020-05-26,6,4_wij_willen_komen_maken
2020-05-26,7,7_voorzitter_willen_goed_dank
2020-05-26,8,7_voorzitter_willen_goed_dank
2020-05-26,9,4_wij_willen_komen_maken
2020-05-26,10,4_wij_willen_komen_maken
2020-05-26,11,13_virus_wij_moeten_weer
2020-05-26,12,4_wij_willen_komen_maken
2020-05-26,13,4_wij_willen_komen_maken
2020-05-26,14,4_wij_willen_komen_maken
2020-05-26,15,4_wij_willen_komen_maken
2020-05-26,16,4_wij_willen_komen_maken
2020-05-26,17,0_dier_bedrijf_moeten_volksgezondheid
2020-05-26,18,6_europees_moeten_nederland_geld
2020-05-26,19,4_wij_willen_komen_maken
2020-05-26,20,4_wij_willen_komen_maken
2020-05-26,21,4_wij_willen_komen_maken
2020-05-26,22,4_wij_willen_komen_maken
2020-05-26,23,4_wij_willen_komen_maken
2020-05-26,24,4_wij_willen_komen_maken
2020-05-26,25,4_wij_willen_komen_maken
2020-05-26,26,4_wij_willen_komen_maken
2020-05-26,27,4_wij_willen_komen_maken
2020-05-26,28,4_wij_willen_komen_maken
2020-05-26,29,4_wij_willen_komen_maken
2020-05-26,30,7_voorzitter_willen_goed_dank
2020-05-26,31,4_wij_willen_komen_maken
2020-05-26,32,4_wij_willen_komen_maken
2020-05-26,33,4_wij_willen_komen_maken
2020-05-26,34,4_wij_willen_komen_maken
2020-05-26,35,4_wij_willen_komen_maken
2020-05-26,36,4_wij_willen_komen_maken
2020-05-26,37,4_wij_willen_komen_maken
2020-05-26,38,4_wij_willen_komen_maken
2020-05-26,39,4_wij_willen_komen_maken
2020-05-26,40,0_dier_bedrijf_moeten_volksgezondheid
2020-05-26,41,0_dier_bedrijf_moeten_volksgezondheid
2020-05-26,42,0_dier_bedrijf_moeten_volksgezondheid
2020-05-26,43,0_dier_bedrijf_moeten_volksgezondheid
2020-05-26,44,0_dier_bedrijf_moeten_volksgezondheid
2020-05-26,45,13_virus_wij_moeten_weer
2020-05-26,46,0_dier_bedrijf_moeten_volksgezondheid
2020-05-27,0,4_wij_willen_komen_maken
2020-05-27,1,1_motie_komen_moeten_stellen
2020-05-27,2,4_wij_willen_komen_maken
2020-05-27,3,4_wij_willen_komen_maken
2020-05-27,4,7_voorzitter_willen_goed_dank
2020-05-27,5,4_wij_willen_komen_maken
2020-05-28,0,4_wij_willen_komen_maken
2020-05-28,1,4_wij_willen_komen_maken
2020-05-28,2,4_wij_willen_komen_maken
2020-05-28,3,10_nederland_nederlander_voorzitter_regering
2020-05-28,4,4_wij_willen_komen_maken
2020-05-28,5,7_voorzitter_willen_goed_dank
2020-05-28,6,4_wij_willen_komen_maken
2020-05-28,7,4_wij_willen_komen_maken
2020-05-28,8,6_europees_moeten_nederland_geld
2020-05-28,9,6_europees_moeten_nederland_geld
2020-05-28,10,4_wij_willen_komen_maken
2020-05-28,11,0_dier_bedrijf_moeten_volksgezondheid
2020-05-28,12,4_wij_willen_komen_maken
2020-05-28,13,4_wij_willen_komen_maken
2020-05-28,14,4_wij_willen_komen_maken
2020-05-28,15,7_voorzitter_willen_goed_dank
2020-05-28,16,4_wij_willen_komen_maken
2020-05-28,17,8_nederland_virus_maatregel_coronavirus
2020-05-28,18,4_wij_willen_komen_maken
2020-05-28,19,6_europees_moeten_nederland_geld
2020-05-28,20,4_wij_willen_komen_maken
2020-05-28,21,4_wij_willen_komen_maken
2020-05-28,22,0_dier_bedrijf_moeten_volksgezondheid
2020-05-28,23,6_europees_moeten_nederland_geld
2020-05-28,24,6_europees_moeten_nederland_geld
2020-06-02,0,4_wij_willen_komen_maken
2020-06-02,1,4_wij_willen_komen_maken
2020-06-02,2,4_wij_willen_komen_maken
2020-06-02,3,4_wij_willen_komen_maken
2020-06-02,4,4_wij_willen_komen_maken
2020-06-02,5,4_wij_willen_komen_maken
2020-06-02,6,4_wij_willen_komen_maken
2020-06-02,7,4_wij_willen_komen_maken
2020-06-02,8,4_wij_willen_komen_maken
2020-06-02,9,4_wij_willen_komen_maken
2020-06-02,10,10_nederland_nederlander_voorzitter_regering
2020-06-02,11,4_wij_willen_komen_maken
2020-06-02,12,4_wij_willen_komen_maken
2020-06-02,13,4_wij_willen_komen_maken
2020-06-02,14,4_wij_willen_komen_maken
2020-06-02,15,10_nederland_nederlander_voorzitter_regering
2020-06-02,16,4_wij_willen_komen_maken
2020-06-02,17,1_motie_komen_moeten_stellen
2020-06-02,18,0_dier_bedrijf_moeten_volksgezondheid
2020-06-02,19,0_dier_bedrijf_moeten_volksgezondheid
2020-06-02,20,1_motie_komen_moeten_stellen
2020-06-02,21,10_nederland_nederlander_voorzitter_regering
2020-06-02,22,9_demonstratie_motie_openbaarmaking_elkaar
2020-06-02,23,8_nederland_virus_maatregel_coronavirus
2020-06-02,24,9_demonstratie_motie_openbaarmaking_elkaar
2020-06-02,25,4_wij_willen_komen_maken
2020-06-02,26,5_nederland_eiland_curaçao_racisme
2020-06-03,0,8_nederland_virus_maatregel_coronavirus
2020-06-03,1,4_wij_willen_komen_maken
2020-06-03,2,4_wij_willen_komen_maken
2020-06-03,3,4_wij_willen_komen_maken
2020-06-03,4,4_wij_willen_komen_maken
2020-06-03,5,4_wij_willen_komen_maken
2020-06-03,6,5_nederland_eiland_curaçao_racisme
2020-06-03,7,5_nederland_eiland_curaçao_racisme
2020-06-03,8,4_wij_willen_komen_maken
2020-06-03,9,6_europees_moeten_nederland_geld
2020-06-03,10,5_nederland_eiland_curaçao_racisme
2020-06-03,11,4_wij_willen_komen_maken
2020-06-03,12,4_wij_willen_komen_maken
2020-06-04,0,2_debat_coronavirus_namens_harte
2020-06-04,1,10_nederland_nederlander_voorzitter_regering
2020-06-04,2,1_motie_komen_moeten_stellen
2020-06-04,3,2_debat_coronavirus_namens_harte
2020-06-04,4,8_nederland_virus_maatregel_coronavirus
2020-06-04,5,12_motie_komen_willen_ziekenhuis
2020-06-04,6,1_motie_komen_moeten_stellen
2020-06-04,7,13_virus_wij_moeten_weer
2020-06-04,8,4_wij_willen_komen_maken
2020-06-04,9,13_virus_wij_moeten_weer
2020-06-04,10,13_virus_wij_moeten_weer
2020-06-04,11,4_wij_willen_komen_maken
2020-06-04,12,13_virus_wij_moeten_weer
2020-06-04,13,13_virus_wij_moeten_weer
2020-06-04,14,13_virus_wij_moeten_weer
2020-06-04,15,10_nederland_nederlander_voorzitter_regering
2020-06-04,16,4_wij_willen_komen_maken
2020-06-04,17,0_dier_bedrijf_moeten_volksgezondheid
2020-06-04,18,0_dier_bedrijf_moeten_volksgezondheid
2020-06-04,19,0_dier_bedrijf_moeten_volksgezondheid
2020-06-04,20,0_dier_bedrijf_moeten_volksgezondheid
2020-06-04,21,8_nederland_virus_maatregel_coronavirus
2020-06-04,22,12_motie_komen_willen_ziekenhuis
2020-06-04,23,4_wij_willen_komen_maken
2020-06-04,24,13_virus_wij_moeten_weer
2020-06-04,25,13_virus_wij_moeten_weer
2020-06-04,26,2_debat_coronavirus_namens_harte
2020-06-04,27,9_demonstratie_motie_openbaarmaking_elkaar
2020-06-04,28,4_wij_willen_komen_maken
2020-06-04,29,1_motie_komen_moeten_stellen
2020-06-04,30,5_nederland_eiland_curaçao_racisme
2020-06-04,31,5_nederland_eiland_curaçao_racisme
2020-06-04,32,4_wij_willen_komen_maken
2020-06-04,33,6_europees_moeten_nederland_geld
2020-06-04,34,4_wij_willen_komen_maken
2020-06-04,35,3_corona_coronaproof_verschrikkelijk_afschrikken
2020-06-04,36,13_virus_wij_moeten_weer
2020-06-04,37,0_dier_bedrijf_moeten_volksgezondheid
2020-06-04,38,10_nederland_nederlander_voorzitter_regering
2020-06-04,39,8_nederland_virus_maatregel_coronavirus
2020-06-04,40,8_nederland_virus_maatregel_coronavirus
2020-06-04,41,13_virus_wij_moeten_weer
2020-06-04,42,8_nederland_virus_maatregel_coronavirus
2020-06-04,43,6_europees_moeten_nederland_geld
2020-06-04,44,0_dier_bedrijf_moeten_volksgezondheid
2020-06-04,45,6_europees_moeten_nederland_geld
2020-06-04,46,1_motie_komen_moeten_stellen
2020-06-04,47,9_demonstratie_motie_openbaarmaking_elkaar
2020-06-04,48,4_wij_willen_komen_maken
2020-06-04,49,1_motie_komen_moeten_stellen
2020-06-04,50,8_nederland_virus_maatregel_coronavirus
2020-06-04,51,3_corona_coronaproof_verschrikkelijk_afschrikken
2020-06-04,52,13_virus_wij_moeten_weer
2020-06-04,53,1_motie_komen_moeten_stellen
2020-06-04,54,1_motie_komen_moeten_stellen
2020-06-04,55,5_nederland_eiland_curaçao_racisme
2020-06-04,56,6_europees_moeten_nederland_geld
2020-06-04,57,0_dier_bedrijf_moeten_volksgezondheid
2020-06-04,58,1_motie_komen_moeten_stellen
2020-06-04,59,1_motie_komen_moeten_stellen
2020-06-04,60,1_motie_komen_moeten_stellen
2020-06-04,61,4_wij_willen_komen_maken
2020-06-04,62,6_europees_moeten_nederland_geld
2020-06-04,63,4_wij_willen_komen_maken
2020-06-09,0,4_wij_willen_komen_maken
2020-06-09,1,1_motie_komen_moeten_stellen
2020-06-09,2,4_wij_willen_komen_maken
2020-06-09,3,4_wij_willen_komen_maken
2020-06-09,4,4_wij_willen_komen_maken
2020-06-09,5,4_wij_willen_komen_maken
2020-06-09,6,1_motie_komen_moeten_stellen
2020-06-09,7,7_voorzitter_willen_goed_dank
2020-06-09,8,1_motie_komen_moeten_stellen
2020-06-09,9,4_wij_willen_komen_maken
2020-06-09,10,4_wij_willen_komen_maken
2020-06-09,11,4_wij_willen_komen_maken
2020-06-09,12,3_corona_coronaproof_verschrikkelijk_afschrikken
2020-06-09,13,7_voorzitter_willen_goed_dank
2020-06-09,14,4_wij_willen_komen_maken
2020-06-10,0,7_voorzitter_willen_goed_dank
2020-06-10,1,4_wij_willen_komen_maken
2020-06-10,2,0_dier_bedrijf_moeten_volksgezondheid
2020-06-10,3,7_voorzitter_willen_goed_dank
2020-06-10,4,4_wij_willen_komen_maken
2020-06-10,5,0_dier_bedrijf_moeten_volksgezondheid
2020-06-10,6,4_wij_willen_komen_maken
2020-06-10,7,0_dier_bedrijf_moeten_volksgezondheid
2020-06-10,8,4_wij_willen_komen_maken
2020-06-10,9,0_dier_bedrijf_moeten_volksgezondheid
2020-06-10,10,0_dier_bedrijf_moeten_volksgezondheid
2020-06-10,11,0_dier_bedrijf_moeten_volksgezondheid
2020-06-10,12,4_wij_willen_komen_maken
2020-06-10,13,1_motie_komen_moeten_stellen
2020-06-10,14,0_dier_bedrijf_moeten_volksgezondheid
2020-06-10,15,0_dier_bedrijf_moeten_volksgezondheid
2020-06-10,16,1_motie_komen_moeten_stellen
2020-06-10,17,0_dier_bedrijf_moeten_volksgezondheid
2020-06-10,18,13_virus_wij_moeten_weer
2020-06-10,19,0_dier_bedrijf_moeten_volksgezondheid
2020-06-10,20,0_dier_bedrijf_moeten_volksgezondheid
2020-06-10,21,10_nederland_nederlander_voorzitter_regering
2020-06-10,22,7_voorzitter_willen_goed_dank
2020-06-10,23,7_voorzitter_willen_goed_dank
2020-06-10,24,6_europees_moeten_nederland_geld
2020-06-10,25,0_dier_bedrijf_moeten_volksgezondheid
2020-06-10,26,0_dier_bedrijf_moeten_volksgezondheid
2020-06-10,27,0_dier_bedrijf_moeten_volksgezondheid
2020-06-10,28,0_dier_bedrijf_moeten_volksgezondheid
2020-06-10,29,4_wij_willen_komen_maken
2020-06-10,30,3_corona_coronaproof_verschrikkelijk_afschrikken
2020-06-10,31,8_nederland_virus_maatregel_coronavirus
2020-06-10,32,4_wij_willen_komen_maken
2020-06-10,33,7_voorzitter_willen_goed_dank
2020-06-10,34,7_voorzitter_willen_goed_dank
2020-06-10,35,4_wij_willen_komen_maken
2020-06-10,36,0_dier_bedrijf_moeten_volksgezondheid
2020-06-10,37,7_voorzitter_willen_goed_dank
2020-06-10,38,4_wij_willen_komen_maken
2020-06-10,39,14_ambulancezorg_zorg_dienst_discussie
2020-06-10,40,0_dier_bedrijf_moeten_volksgezondheid
2020-06-10,41,0_dier_bedrijf_moeten_volksgezondheid
2020-06-10,42,0_dier_bedrijf_moeten_volksgezondheid
2020-06-10,43,7_voorzitter_willen_goed_dank
2020-06-10,44,13_virus_wij_moeten_weer
2020-06-10,45,0_dier_bedrijf_moeten_volksgezondheid
2020-06-10,46,4_wij_willen_komen_maken
2020-06-10,47,0_dier_bedrijf_moeten_volksgezondheid
2020-06-10,48,0_dier_bedrijf_moeten_volksgezondheid
2020-06-10,49,0_dier_bedrijf_moeten_volksgezondheid
2020-06-10,50,13_virus_wij_moeten_weer
2020-06-10,51,0_dier_bedrijf_moeten_volksgezondheid
2020-06-10,52,0_dier_bedrijf_moeten_volksgezondheid
2020-06-10,53,7_voorzitter_willen_goed_dank
2020-06-10,54,7_voorzitter_willen_goed_dank
2020-06-10,55,0_dier_bedrijf_moeten_volksgezondheid
2020-06-10,56,12_motie_komen_willen_ziekenhuis
2020-06-10,57,4_wij_willen_komen_maken
2020-06-10,58,0_dier_bedrijf_moeten_volksgezondheid
2020-06-10,59,13_virus_wij_moeten_weer
2020-06-10,60,7_voorzitter_willen_goed_dank
2020-06-10,61,0_dier_bedrijf_moeten_volksgezondheid
2020-06-10,62,0_dier_bedrijf_moeten_volksgezondheid
2020-06-10,63,13_virus_wij_moeten_weer
2020-06-10,64,7_voorzitter_willen_goed_dank
2020-06-10,65,13_virus_wij_moeten_weer
2020-06-10,66,4_wij_willen_komen_maken
2020-06-10,67,4_wij_willen_komen_maken
2020-06-11,0,0_dier_bedrijf_moeten_volksgezondheid
2020-06-11,1,0_dier_bedrijf_moeten_volksgezondheid
2020-06-11,2,0_dier_bedrijf_moeten_volksgezondheid
2020-06-11,3,0_dier_bedrijf_moeten_volksgezondheid
2020-06-11,4,4_wij_willen_komen_maken
2020-06-11,5,4_wij_willen_komen_maken
2020-06-11,6,0_dier_bedrijf_moeten_volksgezondheid
2020-06-11,7,0_dier_bedrijf_moeten_volksgezondheid
2020-06-11,8,0_dier_bedrijf_moeten_volksgezondheid
2020-06-11,9,4_wij_willen_komen_maken
2020-06-11,10,4_wij_willen_komen_maken
2020-06-11,11,0_dier_bedrijf_moeten_volksgezondheid
2020-06-11,12,0_dier_bedrijf_moeten_volksgezondheid
2020-06-11,13,0_dier_bedrijf_moeten_volksgezondheid
2020-06-11,14,0_dier_bedrijf_moeten_volksgezondheid
2020-06-11,15,4_wij_willen_komen_maken
2020-06-11,16,0_dier_bedrijf_moeten_volksgezondheid
2020-06-11,17,0_dier_bedrijf_moeten_volksgezondheid
2020-06-11,18,6_europees_moeten_nederland_geld
2020-06-11,19,4_wij_willen_komen_maken
2020-06-11,20,4_wij_willen_komen_maken
2020-06-11,21,4_wij_willen_komen_maken
2020-06-11,22,4_wij_willen_komen_maken
2020-06-11,23,4_wij_willen_komen_maken
2020-06-11,24,6_europees_moeten_nederland_geld
2020-06-11,25,4_wij_willen_komen_maken
2020-06-11,26,4_wij_willen_komen_maken
2020-06-11,27,6_europees_moeten_nederland_geld
2020-06-11,28,4_wij_willen_komen_maken
2020-06-15,0,4_wij_willen_komen_maken
2020-06-15,1,4_wij_willen_komen_maken
2020-06-16,0,8_nederland_virus_maatregel_coronavirus
2020-06-16,1,4_wij_willen_komen_maken
2020-06-16,2,4_wij_willen_komen_maken
2020-06-16,3,1_motie_komen_moeten_stellen
2020-06-16,4,4_wij_willen_komen_maken
2020-06-16,5,4_wij_willen_komen_maken
2020-06-16,6,7_voorzitter_willen_goed_dank
2020-06-16,7,4_wij_willen_komen_maken
2020-06-16,8,1_motie_komen_moeten_stellen
2020-06-16,9,4_wij_willen_komen_maken
2020-06-16,10,3_corona_coronaproof_verschrikkelijk_afschrikken
2020-06-16,11,7_voorzitter_willen_goed_dank
2020-06-16,12,4_wij_willen_komen_maken
2020-06-16,13,4_wij_willen_komen_maken
2020-06-16,14,4_wij_willen_komen_maken
2020-06-16,15,4_wij_willen_komen_maken
2020-06-16,16,10_nederland_nederlander_voorzitter_regering
2020-06-16,17,1_motie_komen_moeten_stellen
2020-06-16,18,4_wij_willen_komen_maken
2020-06-16,19,4_wij_willen_komen_maken
2020-06-16,20,4_wij_willen_komen_maken
2020-06-16,21,4_wij_willen_komen_maken
2020-06-16,22,4_wij_willen_komen_maken
2020-06-16,23,4_wij_willen_komen_maken
2020-06-16,24,4_wij_willen_komen_maken
2020-06-17,0,6_europees_moeten_nederland_geld
2020-06-17,1,6_europees_moeten_nederland_geld
2020-06-17,2,6_europees_moeten_nederland_geld
2020-06-17,3,6_europees_moeten_nederland_geld
2020-06-17,4,6_europees_moeten_nederland_geld
2020-06-17,5,4_wij_willen_komen_maken
2020-06-17,6,6_europees_moeten_nederland_geld
2020-06-17,7,6_europees_moeten_nederland_geld
2020-06-17,8,6_europees_moeten_nederland_geld
2020-06-17,9,6_europees_moeten_nederland_geld
2020-06-17,10,6_europees_moeten_nederland_geld
2020-06-17,11,6_europees_moeten_nederland_geld
2020-06-17,12,6_europees_moeten_nederland_geld
2020-06-17,13,6_europees_moeten_nederland_geld
2020-06-17,14,6_europees_moeten_nederland_geld
2020-06-17,15,6_europees_moeten_nederland_geld
2020-06-17,16,6_europees_moeten_nederland_geld
2020-06-17,17,6_europees_moeten_nederland_geld
2020-06-17,18,6_europees_moeten_nederland_geld
2020-06-17,19,6_europees_moeten_nederland_geld
2020-06-17,20,6_europees_moeten_nederland_geld
2020-06-17,21,6_europees_moeten_nederland_geld
2020-06-17,22,4_wij_willen_komen_maken
2020-06-17,23,6_europees_moeten_nederland_geld
2020-06-17,24,6_europees_moeten_nederland_geld
2020-06-17,25,4_wij_willen_komen_maken
2020-06-17,26,6_europees_moeten_nederland_geld
2020-06-17,27,4_wij_willen_komen_maken
2020-06-17,28,4_wij_willen_komen_maken
2020-06-18,0,1_motie_komen_moeten_stellen
2020-06-18,1,10_nederland_nederlander_voorzitter_regering
2020-06-18,2,4_wij_willen_komen_maken
2020-06-18,3,4_wij_willen_komen_maken
2020-06-18,4,7_voorzitter_willen_goed_dank
2020-06-18,5,7_voorzitter_willen_goed_dank
2020-06-18,6,4_wij_willen_komen_maken
2020-06-18,7,6_europees_moeten_nederland_geld
2020-06-18,8,0_dier_bedrijf_moeten_volksgezondheid
2020-06-18,9,4_wij_willen_komen_maken
2020-06-18,10,1_motie_komen_moeten_stellen
2020-06-18,11,4_wij_willen_komen_maken
2020-06-23,0,6_europees_moeten_nederland_geld
2020-06-23,1,1_motie_komen_moeten_stellen
2020-06-23,2,4_wij_willen_komen_maken
2020-06-23,3,4_wij_willen_komen_maken
2020-06-23,4,4_wij_willen_komen_maken
2020-06-23,5,1_motie_komen_moeten_stellen
2020-06-23,6,1_motie_komen_moeten_stellen
2020-06-23,7,8_nederland_virus_maatregel_coronavirus
2020-06-23,8,4_wij_willen_komen_maken
2020-06-23,9,7_voorzitter_willen_goed_dank
2020-06-23,10,4_wij_willen_komen_maken
2020-06-23,11,9_demonstratie_motie_openbaarmaking_elkaar
2020-06-23,12,4_wij_willen_komen_maken
2020-06-23,13,8_nederland_virus_maatregel_coronavirus
2020-06-23,14,8_nederland_virus_maatregel_coronavirus
2020-06-23,15,4_wij_willen_komen_maken
2020-06-23,16,4_wij_willen_komen_maken
2020-06-23,17,0_dier_bedrijf_moeten_volksgezondheid
2020-06-23,18,7_voorzitter_willen_goed_dank
2020-06-23,19,7_voorzitter_willen_goed_dank
2020-06-23,20,0_dier_bedrijf_moeten_volksgezondheid
2020-06-23,21,1_motie_komen_moeten_stellen
2020-06-23,22,1_motie_komen_moeten_stellen
2020-06-23,23,4_wij_willen_komen_maken
2020-06-23,24,4_wij_willen_komen_maken
2020-06-24,0,6_europees_moeten_nederland_geld
2020-06-24,1,6_europees_moeten_nederland_geld
2020-06-24,2,4_wij_willen_komen_maken
2020-06-24,3,4_wij_willen_komen_maken
2020-06-24,4,7_voorzitter_willen_goed_dank
2020-06-24,5,4_wij_willen_komen_maken
2020-06-24,6,1_motie_komen_moeten_stellen
2020-06-24,7,4_wij_willen_komen_maken
2020-06-24,8,4_wij_willen_komen_maken
2020-06-24,9,4_wij_willen_komen_maken
2020-06-24,10,7_voorzitter_willen_goed_dank
2020-06-24,11,4_wij_willen_komen_maken
2020-06-24,12,4_wij_willen_komen_maken
2020-06-24,13,4_wij_willen_komen_maken
2020-06-24,14,8_nederland_virus_maatregel_coronavirus
2020-06-24,15,7_voorzitter_willen_goed_dank
2020-06-24,16,6_europees_moeten_nederland_geld
2020-06-24,17,6_europees_moeten_nederland_geld
2020-06-24,18,4_wij_willen_komen_maken
2020-06-24,19,4_wij_willen_komen_maken
2020-06-24,20,4_wij_willen_komen_maken
2020-06-24,21,7_voorzitter_willen_goed_dank
2020-06-24,22,14_ambulancezorg_zorg_dienst_discussie
2020-06-24,23,4_wij_willen_komen_maken
2020-06-24,24,4_wij_willen_komen_maken
2020-06-24,25,1_motie_komen_moeten_stellen
2020-06-24,26,13_virus_wij_moeten_weer
2020-06-24,27,13_virus_wij_moeten_weer
2020-06-24,28,4_wij_willen_komen_maken
2020-06-24,29,4_wij_willen_komen_maken
2020-06-24,30,14_ambulancezorg_zorg_dienst_discussie
2020-06-24,31,14_ambulancezorg_zorg_dienst_discussie
2020-06-24,32,7_voorzitter_willen_goed_dank
2020-06-24,33,7_voorzitter_willen_goed_dank
2020-06-24,34,14_ambulancezorg_zorg_dienst_discussie
2020-06-24,35,4_wij_willen_komen_maken
2020-06-24,36,1_motie_komen_moeten_stellen
2020-06-24,37,4_wij_willen_komen_maken
2020-06-24,38,4_wij_willen_komen_maken
2020-06-24,39,4_wij_willen_komen_maken
2020-06-25,0,3_corona_coronaproof_verschrikkelijk_afschrikken
2020-06-25,1,4_wij_willen_komen_maken
2020-06-25,2,6_europees_moeten_nederland_geld
2020-06-25,3,6_europees_moeten_nederland_geld
2020-06-25,4,1_motie_komen_moeten_stellen
2020-06-25,5,2_debat_coronavirus_namens_harte
2020-06-25,6,4_wij_willen_komen_maken
2020-06-25,7,9_demonstratie_motie_openbaarmaking_elkaar
2020-06-25,8,0_dier_bedrijf_moeten_volksgezondheid
2020-06-25,9,7_voorzitter_willen_goed_dank
2020-06-25,10,7_voorzitter_willen_goed_dank
2020-06-25,11,4_wij_willen_komen_maken
2020-06-25,12,7_voorzitter_willen_goed_dank
2020-06-25,13,1_motie_komen_moeten_stellen
2020-06-25,14,7_voorzitter_willen_goed_dank
2020-06-25,15,8_nederland_virus_maatregel_coronavirus
2020-06-25,16,4_wij_willen_komen_maken
2020-06-25,17,8_nederland_virus_maatregel_coronavirus
2020-06-25,18,8_nederland_virus_maatregel_coronavirus
2020-06-25,19,8_nederland_virus_maatregel_coronavirus
2020-06-25,20,8_nederland_virus_maatregel_coronavirus
2020-06-25,21,13_virus_wij_moeten_weer
2020-06-25,22,8_nederland_virus_maatregel_coronavirus
2020-06-25,23,13_virus_wij_moeten_weer
2020-06-25,24,3_corona_coronaproof_verschrikkelijk_afschrikken
2020-06-25,25,13_virus_wij_moeten_weer
2020-06-25,26,1_motie_komen_moeten_stellen
2020-06-25,27,4_wij_willen_komen_maken
2020-06-25,28,13_virus_wij_moeten_weer
2020-06-25,29,13_virus_wij_moeten_weer
2020-06-25,30,13_virus_wij_moeten_weer
2020-06-25,31,10_nederland_nederlander_voorzitter_regering
2020-06-25,32,4_wij_willen_komen_maken
2020-06-25,33,4_wij_willen_komen_maken
2020-06-25,34,4_wij_willen_komen_maken
2020-06-25,35,4_wij_willen_komen_maken
2020-06-25,36,4_wij_willen_komen_maken
2020-06-25,37,4_wij_willen_komen_maken
2020-06-25,38,4_wij_willen_komen_maken
2020-06-25,39,4_wij_willen_komen_maken
2020-06-25,40,4_wij_willen_komen_maken
2020-06-25,41,8_nederland_virus_maatregel_coronavirus
2020-06-25,42,4_wij_willen_komen_maken
2020-06-25,43,13_virus_wij_moeten_weer
2020-06-25,44,8_nederland_virus_maatregel_coronavirus
2020-06-25,45,0_dier_bedrijf_moeten_volksgezondheid
2020-06-25,46,4_wij_willen_komen_maken
2020-06-25,47,4_wij_willen_komen_maken
2020-06-25,48,0_dier_bedrijf_moeten_volksgezondheid
2020-06-25,49,4_wij_willen_komen_maken
2020-06-25,50,8_nederland_virus_maatregel_coronavirus
2020-06-25,51,1_motie_komen_moeten_stellen
2020-06-25,52,13_virus_wij_moeten_weer
2020-06-25,53,13_virus_wij_moeten_weer
2020-06-25,54,13_virus_wij_moeten_weer
2020-06-30,0,1_motie_komen_moeten_stellen
2020-06-30,1,1_motie_komen_moeten_stellen
2020-06-30,2,1_motie_komen_moeten_stellen
2020-06-30,3,0_dier_bedrijf_moeten_volksgezondheid
2020-06-30,4,5_nederland_eiland_curaçao_racisme
2020-06-30,5,9_demonstratie_motie_openbaarmaking_elkaar
2020-06-30,6,8_nederland_virus_maatregel_coronavirus
2020-06-30,7,8_nederland_virus_maatregel_coronavirus
2020-06-30,8,8_nederland_virus_maatregel_coronavirus
2020-06-30,9,6_europees_moeten_nederland_geld
2020-06-30,10,7_voorzitter_willen_goed_dank
2020-06-30,11,7_voorzitter_willen_goed_dank
2020-06-30,12,7_voorzitter_willen_goed_dank
2020-06-30,13,4_wij_willen_komen_maken
2020-06-30,14,6_europees_moeten_nederland_geld
2020-06-30,15,4_wij_willen_komen_maken
2020-06-30,16,4_wij_willen_komen_maken
2020-06-30,17,7_voorzitter_willen_goed_dank
2020-06-30,18,1_motie_komen_moeten_stellen
2020-06-30,19,4_wij_willen_komen_maken
2020-06-30,20,4_wij_willen_komen_maken
2020-06-30,21,1_motie_komen_moeten_stellen
2020-06-30,22,4_wij_willen_komen_maken
2020-06-30,23,4_wij_willen_komen_maken
2020-06-30,24,4_wij_willen_komen_maken
2020-06-30,25,4_wij_willen_komen_maken
2020-06-30,26,4_wij_willen_komen_maken
2020-06-30,27,1_motie_komen_moeten_stellen
2020-06-30,28,1_motie_komen_moeten_stellen
2020-06-30,29,1_motie_komen_moeten_stellen
2020-06-30,30,4_wij_willen_komen_maken
2020-06-30,31,4_wij_willen_komen_maken
2020-06-30,32,4_wij_willen_komen_maken
2020-06-30,33,4_wij_willen_komen_maken
2020-06-30,34,1_motie_komen_moeten_stellen
2020-06-30,35,4_wij_willen_komen_maken
2020-06-30,36,4_wij_willen_komen_maken
2020-06-30,37,4_wij_willen_komen_maken
2020-06-30,38,4_wij_willen_komen_maken
2020-06-30,39,4_wij_willen_komen_maken
2020-06-30,40,7_voorzitter_willen_goed_dank
2020-06-30,41,4_wij_willen_komen_maken
2020-06-30,42,4_wij_willen_komen_maken
2020-06-30,43,4_wij_willen_komen_maken
2020-06-30,44,14_ambulancezorg_zorg_dienst_discussie
2020-06-30,45,1_motie_komen_moeten_stellen
2020-07-01,0,8_nederland_virus_maatregel_coronavirus
2020-07-01,1,6_europees_moeten_nederland_geld
2020-07-01,2,7_voorzitter_willen_goed_dank
2020-07-01,3,4_wij_willen_komen_maken
2020-07-01,4,4_wij_willen_komen_maken
2020-07-01,5,1_motie_komen_moeten_stellen
2020-07-01,6,4_wij_willen_komen_maken
2020-07-01,7,4_wij_willen_komen_maken
2020-07-01,8,6_europees_moeten_nederland_geld
2020-07-01,9,4_wij_willen_komen_maken
2020-07-01,10,6_europees_moeten_nederland_geld
2020-07-01,11,6_europees_moeten_nederland_geld
2020-07-01,12,4_wij_willen_komen_maken
2020-07-01,13,4_wij_willen_komen_maken
2020-07-01,14,4_wij_willen_komen_maken
2020-07-01,15,6_europees_moeten_nederland_geld
2020-07-01,16,7_voorzitter_willen_goed_dank
2020-07-01,17,8_nederland_virus_maatregel_coronavirus
2020-07-01,18,4_wij_willen_komen_maken
2020-07-01,19,4_wij_willen_komen_maken
2020-07-01,20,4_wij_willen_komen_maken
2020-07-01,21,4_wij_willen_komen_maken
2020-07-01,22,4_wij_willen_komen_maken
2020-07-01,23,10_nederland_nederlander_voorzitter_regering
2020-07-01,24,6_europees_moeten_nederland_geld
2020-07-01,25,7_voorzitter_willen_goed_dank
2020-07-01,26,1_motie_komen_moeten_stellen
2020-07-01,27,4_wij_willen_komen_maken
2020-07-01,28,4_wij_willen_komen_maken
2020-07-01,29,4_wij_willen_komen_maken
2020-07-01,30,7_voorzitter_willen_goed_dank
2020-07-01,31,4_wij_willen_komen_maken
2020-07-01,32,6_europees_moeten_nederland_geld
2020-07-01,33,4_wij_willen_komen_maken
2020-07-01,34,4_wij_willen_komen_maken
2020-07-01,35,4_wij_willen_komen_maken
2020-07-01,36,4_wij_willen_komen_maken
2020-07-01,37,6_europees_moeten_nederland_geld
2020-07-01,38,4_wij_willen_komen_maken
2020-07-01,39,4_wij_willen_komen_maken
2020-07-01,40,4_wij_willen_komen_maken
2020-07-01,41,4_wij_willen_komen_maken
2020-07-01,42,4_wij_willen_komen_maken
2020-07-01,43,14_ambulancezorg_zorg_dienst_discussie
2020-07-01,44,8_nederland_virus_maatregel_coronavirus
2020-07-01,45,8_nederland_virus_maatregel_coronavirus
2020-07-01,46,5_nederland_eiland_curaçao_racisme
2020-07-01,47,5_nederland_eiland_curaçao_racisme
2020-07-01,48,4_wij_willen_komen_maken
2020-07-01,49,4_wij_willen_komen_maken
2020-07-01,50,8_nederland_virus_maatregel_coronavirus
2020-07-01,51,5_nederland_eiland_curaçao_racisme
2020-07-02,0,7_voorzitter_willen_goed_dank
2020-07-02,1,4_wij_willen_komen_maken
2020-07-02,2,7_voorzitter_willen_goed_dank
2020-07-02,3,6_europees_moeten_nederland_geld
2020-07-02,4,0_dier_bedrijf_moeten_volksgezondheid
2020-07-02,5,4_wij_willen_komen_maken
2020-07-02,6,6_europees_moeten_nederland_geld
2020-07-02,7,6_europees_moeten_nederland_geld
2020-07-02,8,1_motie_komen_moeten_stellen
2020-07-02,9,7_voorzitter_willen_goed_dank
2020-07-02,10,4_wij_willen_komen_maken
2020-07-02,11,6_europees_moeten_nederland_geld
2020-07-02,12,9_demonstratie_motie_openbaarmaking_elkaar
2020-07-02,13,1_motie_komen_moeten_stellen
2020-07-02,14,0_dier_bedrijf_moeten_volksgezondheid
2020-07-02,15,4_wij_willen_komen_maken
2020-07-06,0,4_wij_willen_komen_maken
2020-07-06,1,4_wij_willen_komen_maken
2020-07-06,2,7_voorzitter_willen_goed_dank
2020-07-06,3,7_voorzitter_willen_goed_dank
2020-07-06,4,4_wij_willen_komen_maken
2020-07-06,5,4_wij_willen_komen_maken
2020-07-06,6,6_europees_moeten_nederland_geld
2020-07-06,7,4_wij_willen_komen_maken
2020-07-06,8,4_wij_willen_komen_maken
2020-07-06,9,6_europees_moeten_nederland_geld
2020-07-06,10,4_wij_willen_komen_maken
2020-07-06,11,4_wij_willen_komen_maken
2020-07-06,12,4_wij_willen_komen_maken
2020-07-06,13,7_voorzitter_willen_goed_dank
2020-07-06,14,4_wij_willen_komen_maken
2020-07-06,15,7_voorzitter_willen_goed_dank
2020-07-06,16,4_wij_willen_komen_maken
2020-07-06,17,7_voorzitter_willen_goed_dank
2020-07-06,18,1_motie_komen_moeten_stellen
2020-07-06,19,4_wij_willen_komen_maken
2020-07-06,20,4_wij_willen_komen_maken
2020-07-06,21,4_wij_willen_komen_maken
2020-07-06,22,1_motie_komen_moeten_stellen
2020-07-07,0,4_wij_willen_komen_maken
2020-07-07,1,4_wij_willen_komen_maken
2020-07-07,2,4_wij_willen_komen_maken
2020-07-07,3,0_dier_bedrijf_moeten_volksgezondheid
2020-07-07,4,0_dier_bedrijf_moeten_volksgezondheid
2020-07-07,5,0_dier_bedrijf_moeten_volksgezondheid
2020-07-07,6,4_wij_willen_komen_maken
2020-07-07,7,1_motie_komen_moeten_stellen
2020-07-07,8,4_wij_willen_komen_maken
2020-07-07,9,4_wij_willen_komen_maken
2020-07-07,10,4_wij_willen_komen_maken
2020-07-07,11,7_voorzitter_willen_goed_dank
2020-07-07,12,4_wij_willen_komen_maken
2020-07-07,13,4_wij_willen_komen_maken
2020-07-07,14,4_wij_willen_komen_maken
2020-07-07,15,4_wij_willen_komen_maken
2020-07-07,16,6_europees_moeten_nederland_geld
2020-07-07,17,4_wij_willen_komen_maken
2020-07-07,18,4_wij_willen_komen_maken
2020-07-07,19,6_europees_moeten_nederland_geld
2020-07-07,20,4_wij_willen_komen_maken
2020-07-07,21,1_motie_komen_moeten_stellen
2020-07-07,22,4_wij_willen_komen_maken
2020-07-07,23,6_europees_moeten_nederland_geld
2020-07-07,24,6_europees_moeten_nederland_geld
2020-07-07,25,4_wij_willen_komen_maken
2020-07-07,26,4_wij_willen_komen_maken
2020-07-07,27,6_europees_moeten_nederland_geld
2020-07-07,28,6_europees_moeten_nederland_geld
2020-07-07,29,6_europees_moeten_nederland_geld
2020-07-07,30,4_wij_willen_komen_maken
2020-07-07,31,7_voorzitter_willen_goed_dank
2020-07-14,0,6_europees_moeten_nederland_geld
2020-07-14,1,6_europees_moeten_nederland_geld
2020-07-14,2,6_europees_moeten_nederland_geld
2020-07-14,3,6_europees_moeten_nederland_geld
2020-07-14,4,6_europees_moeten_nederland_geld
2020-07-14,5,10_nederland_nederlander_voorzitter_regering
2020-07-14,6,4_wij_willen_komen_maken
2020-07-14,7,6_europees_moeten_nederland_geld
2020-07-14,8,4_wij_willen_komen_maken
2020-07-14,9,8_nederland_virus_maatregel_coronavirus
2020-07-14,10,6_europees_moeten_nederland_geld
2020-07-14,11,6_europees_moeten_nederland_geld
2020-07-14,12,6_europees_moeten_nederland_geld
2020-07-14,13,6_europees_moeten_nederland_geld
2020-07-14,14,6_europees_moeten_nederland_geld
2020-07-14,15,6_europees_moeten_nederland_geld
2020-07-14,16,6_europees_moeten_nederland_geld
2020-07-14,17,6_europees_moeten_nederland_geld
2020-07-14,18,6_europees_moeten_nederland_geld
2020-07-14,19,6_europees_moeten_nederland_geld
2020-07-14,20,4_wij_willen_komen_maken
2020-07-14,21,6_europees_moeten_nederland_geld
2020-07-14,22,6_europees_moeten_nederland_geld
2020-07-14,23,6_europees_moeten_nederland_geld
2020-07-14,24,4_wij_willen_komen_maken
2020-07-14,25,4_wij_willen_komen_maken
2020-07-14,26,6_europees_moeten_nederland_geld
2020-07-14,27,4_wij_willen_komen_maken
2020-07-14,28,4_wij_willen_komen_maken
2020-07-14,29,4_wij_willen_komen_maken
2020-07-14,30,4_wij_willen_komen_maken
2020-07-14,31,6_europees_moeten_nederland_geld
